{
    "QCD_PT_30to40_DoubleEMEnriched_MGG_80toInf_preEE": 1420141.0,
    "QCD_PT_40toInf_DoubleEMEnriched_MGG_80toInf_preEE": 2947774.0,
    "GJet_PT_20_DoubleEMEnriched_MGG_40to80_preEE": 1572670.0,
    "GJet_PT_20to40_DoubleEMEnriched_MGG_80_preEE": 6765159.0,
    "GJet_PT_40_DoubleEMEnriched_MGG_80_preEE": 5009479.0,
    "GG_Box_3Jets_MGG_80_preEE": 6852451.23828125,
    "DYto2L_2Jets_MLL_50_preEE": 1211348605824.0,
    "DYGto2LG_1Jets_MLL_50_PTG_10to50_preEE": 6787147744.0,
    "DYGto2LG_1Jets_MLL_50_PTG_50to100_preEE": 1103956653.0,
    "DYGto2LG_1Jets_MLL_50_PTG_100to200_preEE": 401854.78125,
    "DYGto2LG_1Jets_MLL_50_PTG_200to400_preEE": 75190.2919921875,
    "DYGto2LG_1Jets_MLL_50_PTG_400to600_preEE": 4245.39599609375,
    "DYGto2LG_1Jets_MLL_50_PTG_600_preEE": 728.2471923828125,
    "ZZ_preEE": 1181750.0,
    "WZ_preEE": 7479528.0,
    "WW_preEE": 15405620.140625,
    "ZGto2LG_1Jets_preEE": 937276.0,
    "ZGto2NuG_1Jets_PTG_10to100_preEE": 683170892.0,
    "ZGto2NuG_1Jets_PTG_100to200_preEE": 1542443.828125,
    "ZGto2NuG_1Jets_PTG_200to400_preEE": 130343.69342041016,
    "ZGto2NuG_1Jets_PTG_400to600_preEE": 7756.102783203125,
    "ZGto2NuG_1Jets_PTG_600_preEE": 1267.0567321777344,
    "WGtoLNuG_1Jets_PTG_10to100_preEE": 64148028416.0,
    "WGtoLNuG_1Jets_PTG_100to200_preEE": 11610085.3125,
    "WGtoLNuG_1Jets_PTG_200to400_preEE": 425685.3125,
    "WGtoLNuG_1Jets_PTG_400to600_preEE": 24862.81689453125,
    "WGtoLNuG_1Jets_PTG_600_preEE": 4764.3125,
    "TGJets_preEE": 8590937.5,
    "TTG_1Jets_PTG_10to100_preEE": 7786355.0,
    "TTG_1Jets_PTG_100to200_preEE": 492546.3046875,
    "TTG_1Jets_PTG_200_preEE": 105009.28125,
    "TTGG_0Jets_preEE": 16453.898612976074,
    "TTto2L2Nu_2Jets_preEE": 11157318184.0,
    "TTto4Q_2Jets_preEE": 78961823008.0,
    "TTtoLminusNu2Q_2Jets_preEE": 28002971856.0,
    "TTtoLplusNu2Q_2Jets_preEE": 31175028800.0,
    "VBFHtoGG_M_125_amcatnlo_preEE": 1376008.25,
    "GluGluHtoGG_M_125_amcatnloFXFX_preEE": 108436264.0,
    "GluGluHToGG_M_125_powheg_preEE": 3097189.25,
    "VHtoGG_M_125_amcatnloFXFX_preEE": 1427785.484375,
    "WminusH_Hto2G_Wto2Q_M_125_powheg_preEE": 21019.31662750244,
    "WminusH_Hto2G_WtoLNu_M_125_powheg_preEE": 10294.633354187012,
    "WplusH_Hto2G_Wto2Q_M_125_powheg_preEE": 32845.04214477539,
    "WplusH_Hto2G_WtoLNu_M_125_powheg_preEE": 16319.952537536621,
    "ZH_Hto2G_Zto2L_M_125_powheg_preEE": 4797.087646484375,
    "ZH_Hto2G_Zto2Nu_M_125_powheg_preEE": 9469.032012939453,
    "ZH_Hto2G_Zto2Q_M_125_powheg_preEE": 33090.488342285156,
    "ttHtoGG_M_125_amcatnloFXFX_preEE": 189040.609375
}