{
    "QCD_PT_30to40_DoubleEMEnriched_MGG_80toInf_postEE": 4496412.0,
    "QCD_PT_40toInf_DoubleEMEnriched_MGG_80toInf_postEE": 10256522.0,
    "GJet_PT_20_DoubleEMEnriched_MGG_40to80_postEE": 11040768.0,
    "GJet_PT_20to40_DoubleEMEnriched_MGG_80_postEE": 10016843.0,
    "GJet_PT_40_DoubleEMEnriched_MGG_80_postEE": 19884039.0,
    "GG_Box_3Jets_MGG_80_postEE": 21291656.96875,
    "DYto2L_2Jets_MLL_50_postEE": 2449564418560.0,
    "DYGto2LG_1Jets_MLL_50_PTG_10to50_postEE": 23980987752.0,
    "DYGto2LG_1Jets_MLL_50_PTG_50to100_postEE": 3347917097.5,
    "DYGto2LG_1Jets_MLL_50_PTG_100to200_postEE": 1393253.8125,
    "DYGto2LG_1Jets_MLL_50_PTG_200to400_postEE": 264963.9267578125,
    "DYGto2LG_1Jets_MLL_50_PTG_400to600_postEE": 15294.290283203125,
    "DYGto2LG_1Jets_MLL_50_PTG_600_postEE": 2667.3897132873535,
    "ZZ_postEE": 4043040.0,
    "WZ_postEE": 26722782.0,
    "WW_postEE": 53112474.8125,
    "ZGto2LG_1Jets_postEE": 2910558.0,
    "ZGto2NuG_1Jets_PTG_10to100_postEE": 2224161750.0,
    "ZGto2NuG_1Jets_PTG_100to200_postEE": 5272298.0625,
    "ZGto2NuG_1Jets_PTG_200to400_postEE": 481404.134765625,
    "ZGto2NuG_1Jets_PTG_400to600_postEE": 25661.05078125,
    "ZGto2NuG_1Jets_PTG_600_postEE": 4735.676239013672,
    "WGtoLNuG_1Jets_PTG_10to100_postEE": 213809037344.0,
    "WGtoLNuG_1Jets_PTG_100to200_postEE": 41071357.0625,
    "WGtoLNuG_1Jets_PTG_200to400_postEE": 1441224.4375,
    "WGtoLNuG_1Jets_PTG_400to600_postEE": 86582.134765625,
    "WGtoLNuG_1Jets_PTG_600_postEE": 17752.469146728516,
    "TGJets_postEE": 29158635.1875,
    "TTG_1Jets_PTG_10to100_postEE": 28230677.25,
    "TTG_1Jets_PTG_100to200_postEE": 1539109.1171875,
    "TTG_1Jets_PTG_200_postEE": 383827.5,
    "TTGG_0Jets_postEE": 58773.11389160156,
    "TTto2L2Nu_2Jets_postEE": 39761414604.0,
    "TTto4Q_2Jets_postEE": 291610346048.0,
    "TTtoLminusNu2Q_2Jets_postEE": 104466959720.0,
    "TTtoLplusNu2Q_2Jets_postEE": 106209821120.0,
    "VBFHtoGG_M_125_amcatnlo_postEE": 7467798.09375,
    "GluGluHtoGG_M_125_amcatnloFXFX_postEE": 375035640.0,
    "GluGluHToGG_M_125_powheg_postEE": 3070941.390625,
    "VHtoGG_M_125_amcatnloFXFX_postEE": 2151241.5625,
    "WminusH_Hto2G_Wto2Q_M_125_powheg_postEE": 78640.74829101562,
    "WminusH_Hto2G_WtoLNu_M_125_powheg_postEE": 37705.549980163574,
    "WplusH_Hto2G_Wto2Q_M_125_powheg_postEE": 119971.59252929688,
    "WplusH_Hto2G_WtoLNu_M_125_powheg_postEE": 57964.71792221069,
    "ZH_Hto2G_Zto2L_M_125_powheg_postEE": 16355.196083068848,
    "ZH_Hto2G_Zto2Nu_M_125_powheg_postEE": 32797.43174743652,
    "ZH_Hto2G_Zto2Q_M_125_powheg_postEE": 113168.55856323242,
    "ttHtoGG_M_125_amcatnloFXFX_postEE": 703602.5625
}