{
    "QCD_PT_30to40_DoubleEMEnriched_MGG_80toInf" : 25950.0,
    "QCD_PT_40toInf_DoubleEMEnriched_MGG_80toInf" : 124700.0,
    "GJet_PT_20_DoubleEMEnriched_MGG_40to80" : 3284.0,
    "GJet_PT_20to40_DoubleEMEnriched_MGG_80" : 242.5,
    "GJet_PT_40_DoubleEMEnriched_MGG_80" : 919.1,
    "GG_Box_3Jets_MGG_80" : 88.75,
    "DYto2L_2Jets_MLL_50" : 6688.0,
    "DYGto2LG_1Jets_MLL_50_PTG_10to50" : 124,
    "DYGto2LG_1Jets_MLL_50_PTG_50to100" : 2.088,
    "DYGto2LG_1Jets_MLL_50_PTG_100to200" : 0.3493,
    "DYGto2LG_1Jets_MLL_50_PTG_200to400" : 0.04331,
    "DYGto2LG_1Jets_MLL_50_PTG_400to600" : 0.00313,
    "DYGto2LG_1Jets_MLL_50_PTG_600" : 0.0006528,
    "ZZ" : 12.75,
    "WZ" : 29.1,
    "WW" : 80.23,
    "ZGto2NuG_1Jets_PTG_10to100" : 39.93,
    "ZGto2NuG_1Jets_PTG_100to200" : 0.5652,
    "ZGto2NuG_1Jets_PTG_200to400" : 0.07535,
    "ZGto2NuG_1Jets_PTG_400to600" : 0.005547,
    "ZGto2NuG_1Jets_PTG_600" : 0.001177,
    "ZGto2LG_1Jets" : 1.075,
    "WGtoLNuG_1Jets_PTG_10to100" : 662.2,
    "WGtoLNuG_1Jets_PTG_100to200" : 2.221,
    "WGtoLNuG_1Jets_PTG_200to400" : 0.2908,
    "WGtoLNuG_1Jets_PTG_400to600" : 0.02231,
    "WGtoLNuG_1Jets_PTG_600" : 0.004907,
    "TGJets" : 3.873,
    "TTto2L2Nu_2Jets" : 95.49,
    "TTto4Q_2Jets" : 385.5,
    "TTtoLminusNu2Q_2Jets" : 190.4,
    "TTtoLplusNu2Q_2Jets" : 192.6,
    "TTG_1Jets_PTG_10to100" : 4.216,
    "TTG_1Jets_PTG_100to200" : 0.4114,
    "TTG_1Jets_PTG_200" : 0.1284,
    "TTGG_0Jets" : 0.02391,
    "VBFHtoGG_M_125_amcatnlo" : 4.359,
    "GluGluHtoGG_M_125_amcatnloFXFX" : 39.91,
    "VHtoGG_M_125_amcatnloFXFX" : 2.556,
    "ttHtoGG_M_125_amcatnloFXFX" : 0.5687,
    "GluGluHToGG_M_125_powheg" : 31.66,
    "WminusH_Hto2G_WtoLNu_M_125_powheg" : 0.1888,
    "WminusH_Hto2G_Wto2Q_M_125_powheg" : 0.3918,
    "WplusH_Hto2G_WtoLNu_M_125_powheg" : 0.2999,
    "WplusH_Hto2G_Wto2Q_M_125_powheg" : 0.6228,
    "ZH_Hto2G_Zto2L_M_125_powheg" : 0.08545,
    "ZH_Hto2G_Zto2Nu_M_125_powheg" : 0.168,
    "ZH_Hto2G_Zto2Q_M_125_powheg" : 0.5958
}